year,no.researchers.nse,nse.discovery,nse.innovation,nserc.per.researcher,no.researchers.ssh,ssh.discovery,ssh.innovation,ssh.per.researcher
2005,23720,475.7732227,239.442024,30152.41344,19700,29.02465436,157.1314768,9449.549805
2006,23540,489.3346631,233.6323656,30712.2782,19990,69.74258261,156.1388761,11299.72279
2007,25700,493.531951,326.1641413,31894.78958,21610,68.24272809,147.5799809,9987.168393
2008,27170,480.3957884,320.9908597,29495.27597,22270,38.23532031,143.1640719,8145.459912
2009,23430,477.2706721,336.8493751,34746.90769,23920,40.21366054,143.0100645,7659.854727
2010,28260,459.2505794,359.6192757,28976.28645,25720,38.71848805,137.368555,6846.308052
2011,29920,439.5418683,364.3584336,26868.3256,26170,41.69242205,133.5432815,6696.052866
2012,29960,436.620708,344.8777118,26084.72696,27550,34.68876455,140.00687,6341.039365
2013,32010,409.9134135,366.1687121,24244.98987,28260,33.94895632,143.6310025,6283.791889